"Title";"URL";"Tag01";"Tag02";"Tag03";"Tag04";"Tag05";"Tag06";"Tag07";"Tag08";"Tag09";"Tag10";"Tag11";"Tag12";"Tag13";"Tag14";"Tag15";"Tag16";"Tag17";"Tag18";"Tag19";"Tag20"
"#OccupyWallStreet Flickr ";"http://api.flickr.com/services/feeds/groups_pool.gne?id=1754485@N20&lang=en-us&format=rss_200 ";"media";"photography";;;;;;;;;;;;;;;;;;
"BBC Feed ";"http://feeds.bbci.co.uk/news/rss.xml ";"mainstream";"mainstream media";"msm";;;;;;;;;;;;;;;;;
"Google Feed ";"http://news.google.com/news?pz=1&cf=all&ned=us&hl=en&output=rss ";"mainstream media ";"mainstream";"msm";;;;;;;;;;;;;;;;;
"Google News: Occupy ";"http://pipes.yahoo.com/pipes/pipe.run?_id=ecbd8a9b8657ce520c11a7aa7be7164c&_render=rss ";"google news";"mainstream media ";"mainstream";"msm";;;;;;;;;;;;;;;;
"New York Times Feed ";"http://feeds.nytimes.com/nyt/rss/HomePage ";"mainstream media ";"mainstream";"msm";;;;;;;;;;;;;;;;;
"Newsvine Feed ";"http://www.newsvine.com/_feeds/rss2/cs?id=38&f=u&d=v&n=6&s=s&c=a ";"mainstream media ";"mainstream";"msm";;;;;;;;;;;;;;;;;
"NYT > Occupy Movement (Occupy Wall Street) ";"http://topics.nytimes.com/top/reference/timestopics/organizations/o/occupy_wall_street/index.html?rss=1 ";"mainstream media ";"mainstream";"msm";;;;;;;;;;;;;;;;;
"Reuters Feed ";"http://feeds.reuters.com/Reuters/domesticNews ";"mainstream media ";"mainstream";"msm";;;;;;;;;;;;;;;;;
"Salon Feed ";"http://www.salon.com/topic/occupy_wall_street/feed/ ";"mainstream media ";"mainstream";"msm";;;;;;;;;;;;;;;;;
"Slate Feeds ";"http://feeds.slate.com/slate ";"mainstream media ";"mainstream";"msm";;;;;;;;;;;;;;;;;
"Twitter: #occupy ";"http://twitter.com/#!/search/%23occupy ";;;;;;;;;;;;;;;;;;;;
"Washington Post Feeds ";"http://feeds.washingtonpost.com/rss/politics ";"mainstream";"mainstream media";"msm";;;;;;;;;;;;;;;;;
"World Press Feed ";"http://worldpress.org/feeds/topstories.xml ";"mainstream";"mainstream media";"msm";;;;;;;;;;;;;;;;;
